--Insertion Classe

INSERT INTO CLASSE (NUM_CLASS,NOM_CLASS,REMISE_CLASS) 
	VALUES (1,'Business class',5);

INSERT INTO CLASSE (NUM_CLASS,NOM_CLASS,REMISE_CLASS) 
	VALUES (2,'Economic class',10);

COMMIT;

-- VILLE

INSERT INTO VILLE (CP_VILLE,NOM_VILLE,PAYS_VILLE)
	VALUES ('75000','Paris','France');

INSERT INTO VILLE (CP_VILLE,NOM_VILLE,PAYS_VILLE) 
	VALUES ('13000','Marseille','France');

INSERT INTO VILLE (CP_VILLE,NOM_VILLE,PAYS_VILLE) 
	VALUES ('33000','Bordeaux','France');

INSERT INTO VILLE (CP_VILLE,NOM_VILLE,PAYS_VILLE) 
	VALUES ('95700','Roissy','France');

INSERT INTO VILLE (CP_VILLE,NOM_VILLE,PAYS_VILLE) 
	VALUES ('94390','Orly','France');

INSERT INTO VILLE (CP_VILLE,NOM_VILLE,PAYS_VILLE) 
	VALUES ('33700','Mérignac','France');

INSERT INTO VILLE (CP_VILLE,NOM_VILLE,PAYS_VILLE) 
	VALUES ('13727','Marignane','France');

INSERT INTO VILLE (CP_VILLE,NOM_VILLE,PAYS_VILLE) 
	VALUES ('68304','Saint-Louis','France');

INSERT INTO VILLE (CP_VILLE,NOM_VILLE,PAYS_VILLE) 
	VALUES ('68000','Mulhouse','France');

INSERT INTO VILLE (CP_VILLE,NOM_VILLE,PAYS_VILLE) 
	VALUES ('4000','Bâle','Suisse');
	
INSERT INTO VILLE (CP_VILLE,NOM_VILLE,PAYS_VILLE) 
	VALUES ('79098','Fribourg-en-Brisgau','Allemagne');

COMMIT;

-- AEROPORT
INSERT INTO AEROPORT (CODE_AERO,NOM_AERO,DESC_AERO,HO_AERO,HF_AERO) 
	VALUES (100000,'Roissy CDG','Aéroport situé au nord de la région parisienne.',TO_DATE('01/01/1970 05:00:00','DD/MM/YYYY HH24:MI:SS'),TO_DATE('01/01/1970 00:00:00','DD/MM/YYYY HH24:MI:SS'));

INSERT INTO AEROPORT (CODE_AERO,NOM_AERO,DESC_AERO,HO_AERO,HF_AERO) 
	VALUES (110000,'Orly','Aéroport situé au sud de la région parisienne.',TO_DATE('01/01/1970 00:00:00','DD/MM/YYYY HH24:MI:SS'),TO_DATE('01/01/1970 00:00:00','DD/MM/YYYY HH24:MI:SS'));

INSERT INTO AEROPORT (CODE_AERO,NOM_AERO,DESC_AERO,HO_AERO,HF_AERO) 
	VALUES (120000,'Bâle-Mulhouse-Fribourg','Aéroport international franco-suisse.',TO_DATE('01/01/1970 06:00:00','DD/MM/YYYY HH24:MI:SS'),TO_DATE('01/01/1970 23:00:00','DD/MM/YYYY HH24:MI:SS'));

INSERT INTO AEROPORT (CODE_AERO,NOM_AERO,DESC_AERO,HO_AERO,HF_AERO) 
	VALUES (130000,'Marseille-Provence','Aéroport situé dans la région marseillaise.',TO_DATE('01/01/1970 04:00:00','DD/MM/YYYY HH24:MI:SS'),TO_DATE('01/01/1970 23:30:00','DD/MM/YYYY HH24:MI:SS'));

INSERT INTO AEROPORT (CODE_AERO,NOM_AERO,DESC_AERO,HO_AERO,HF_AERO) 
	VALUES (140000,'Bordeaux-Mérignac','Aéroport situé dans la région bordelaise.',TO_DATE('01/01/1970 07:00:00','DD/MM/YYYY HH24:MI:SS'),TO_DATE('01/01/1970 00:30:00','DD/MM/YYYY HH24:MI:SS'));

COMMIT;

-- TERMINAL
INSERT INTO TERMINAL (CODE_AERO,NUM_TERMINAL,NOM_TERMINAL) 
	VALUES (100000,1,'Terminal rouge');
	
INSERT INTO TERMINAL (CODE_AERO,NUM_TERMINAL,NOM_TERMINAL) 
	VALUES (100000,2,'Terminal vert');

INSERT INTO TERMINAL (CODE_AERO,NUM_TERMINAL,NOM_TERMINAL) 
	VALUES (100000,3,'Terminal bleu');

INSERT INTO TERMINAL (CODE_AERO,NUM_TERMINAL,NOM_TERMINAL) 
	VALUES (110000,1,'Terminal blanc');

INSERT INTO TERMINAL (CODE_AERO,NUM_TERMINAL,NOM_TERMINAL) 
	VALUES (110000,2,'Terminal gris');

INSERT INTO TERMINAL (CODE_AERO,NUM_TERMINAL,NOM_TERMINAL) 
	VALUES (110000,3,'Terminal noir');

INSERT INTO TERMINAL (CODE_AERO,NUM_TERMINAL,NOM_TERMINAL) 
	VALUES (120000,1,'Terminal Suisse');

INSERT INTO TERMINAL (CODE_AERO,NUM_TERMINAL,NOM_TERMINAL) 
	VALUES (120000,2,'Terminal France');

INSERT INTO TERMINAL (CODE_AERO,NUM_TERMINAL,NOM_TERMINAL) 
	VALUES (120000,3,'Terminal Allemagne');

INSERT INTO TERMINAL (CODE_AERO,NUM_TERMINAL,NOM_TERMINAL) 
	VALUES (130000,1,'Terminal A');

INSERT INTO TERMINAL (CODE_AERO,NUM_TERMINAL,NOM_TERMINAL) 
	VALUES (130000,2,'Terminal B');

INSERT INTO TERMINAL (CODE_AERO,NUM_TERMINAL,NOM_TERMINAL) 
	VALUES (130000,3,'Terminal C');

INSERT INTO TERMINAL (CODE_AERO,NUM_TERMINAL,NOM_TERMINAL) 
	VALUES (140000,1,'Terminal X');

INSERT INTO TERMINAL (CODE_AERO,NUM_TERMINAL,NOM_TERMINAL) 
	VALUES (140000,2,'Terminal Y');

INSERT INTO TERMINAL (CODE_AERO,NUM_TERMINAL,NOM_TERMINAL) 
	VALUES (140000,3,'Terminal Z');


COMMIT;

-- AERO_VILLE
INSERT INTO AERO_VILLE (CODE_AERO,CP_VILLE,DISTANCE_AERO_VILLE) 
	VALUES (100000,'75000',30);
	
INSERT INTO AERO_VILLE (CODE_AERO,CP_VILLE,DISTANCE_AERO_VILLE) 
	VALUES (110000,'75000',20);

INSERT INTO AERO_VILLE (CODE_AERO,CP_VILLE,DISTANCE_AERO_VILLE) 
	VALUES (120000,'4000',7);

INSERT INTO AERO_VILLE (CODE_AERO,CP_VILLE,DISTANCE_AERO_VILLE) 
	VALUES (120000,'68000',30);

INSERT INTO AERO_VILLE (CODE_AERO,CP_VILLE,DISTANCE_AERO_VILLE) 
	VALUES (120000,'79098',75);

INSERT INTO AERO_VILLE (CODE_AERO,CP_VILLE,DISTANCE_AERO_VILLE) 
	VALUES (130000,'13000',30);

INSERT INTO AERO_VILLE (CODE_AERO,CP_VILLE,DISTANCE_AERO_VILLE) 
	VALUES (140000,'33000',12);

COMMIT;

-- INSERTION AVION
INSERT INTO AVION (NUM_AVION,NOM_AVION,CAPAC_AVION,DDEB_SERV_AVION,LOCAL_AVION)
	VALUES (1,'Boeing 747',420,TO_DATE('08/01/1995 06:00:00','DD/MM/YYYY HH24:MI:SS'),'Paris');

INSERT INTO AVION (NUM_AVION,NOM_AVION,CAPAC_AVION,DDEB_SERV_AVION,LOCAL_AVION)
	VALUES (2,'Airbus 320',300,TO_DATE('05/04/1996 15:30:00','DD/MM/YYYY HH24:MI:SS'),'Mulhouse');

INSERT INTO AVION (NUM_AVION,NOM_AVION,CAPAC_AVION,DDEB_SERV_AVION,LOCAL_AVION)
	VALUES (3,'Airbus 300',280,TO_DATE('06/05/1997 13:00:00','DD/MM/YYYY HH24:MI:SS'),'Fribourg-en-Brisgau');

INSERT INTO AVION (NUM_AVION,NOM_AVION,CAPAC_AVION,DDEB_SERV_AVION,LOCAL_AVION)
	VALUES (4,'Boeing 737',250,TO_DATE('15/03/1991 08:30:00','DD/MM/YYYY HH24:MI:SS'),'Bâle');

INSERT INTO AVION (NUM_AVION,NOM_AVION,CAPAC_AVION,DDEB_SERV_AVION,LOCAL_AVION)
	VALUES (5,'DC 10',120,TO_DATE('15/12/2006 09:00:00','DD/MM/YYYY HH24:MI:SS'),'Bâle');

INSERT INTO AVION (NUM_AVION,NOM_AVION,CAPAC_AVION,DDEB_SERV_AVION,LOCAL_AVION)
	VALUES (6,'Boeing 747',410,TO_DATE('10/10/2010 06:00:00','DD/MM/YYYY HH24:MI:SS'),'Bordeaux');

COMMIT;

-- class avion

INSERT INTO CLASSE_AVION (NUM_AVION, NUM_CLASS) 
VALUES (0001,1);

INSERT INTO CLASSE_AVION (NUM_AVION, NUM_CLASS) 
VALUES (0001,2);

INSERT INTO CLASSE_AVION (NUM_AVION, NUM_CLASS) 
VALUES (0002,1);

INSERT INTO CLASSE_AVION (NUM_AVION, NUM_CLASS) 
VALUES (0002,2);

INSERT INTO CLASSE_AVION (NUM_AVION, NUM_CLASS) 
VALUES (0003,1);

INSERT INTO CLASSE_AVION (NUM_AVION, NUM_CLASS) 
VALUES (0003,2);

INSERT INTO CLASSE_AVION (NUM_AVION, NUM_CLASS) 
VALUES (0004,1);

INSERT INTO CLASSE_AVION (NUM_AVION, NUM_CLASS) 
VALUES (0004,2);

INSERT INTO CLASSE_AVION (NUM_AVION, NUM_CLASS) 
VALUES (0005,1);

INSERT INTO CLASSE_AVION (NUM_AVION, NUM_CLASS) 
VALUES (0005,2);

INSERT INTO CLASSE_AVION (NUM_AVION, NUM_CLASS) 
VALUES (0006,1);

INSERT INTO CLASSE_AVION (NUM_AVION, NUM_CLASS) 
VALUES (0006,2);


COMMIT;

--Catg

INSERT INTO CATEGORIE (NUM_CATEG, CATEG_PASG, REMISE_CATEG) 
VALUES (1,'Enfant',20);

INSERT INTO CATEGORIE (NUM_CATEG, CATEG_PASG, REMISE_CATEG) 
VALUES (2,'Adulte',0);

COMMIT;



-- PERSONNEL

INSERT INTO PERSONNEL (NOM_PERSON,PRE_PERSON,SEXE_PERSON,DNAISS_PERSON,DEMB_PERSON,NRUE_PERSON,CP_PERSON,VILLE_PERSON,TEL_PERSON,CUMUL_HRVOL_PERSON,SALAIRE_PERSON,DIPLOME_STEWARD,TYPE_PERSONNEL) 
VALUES ('SANCHEZ','Marc','H',TO_DATE('20/06/1990','DD/MM/YYYY'),TO_DATE('10/05/2012','DD/MM/YYYY'),84,'68000','MULHOUSE','06385852',0,3000.00,'9764288','S');

INSERT INTO PERSONNEL (NOM_PERSON,PRE_PERSON,SEXE_PERSON,DNAISS_PERSON,DEMB_PERSON,NRUE_PERSON,CP_PERSON,VILLE_PERSON,TEL_PERSON,CUMUL_HRVOL_PERSON,SALAIRE_PERSON,DIPLOME_STEWARD,TYPE_PERSONNEL) 
VALUES ('MIKA','sara','F',TO_DATE('14/02/1993','DD/MM/YYYY'),TO_DATE('12/05/2010','DD/MM/YYYY'),74,'90000','BELFORT','063129292',0,3000.00,'9464319','S');

INSERT INTO PERSONNEL (NOM_PERSON,PRE_PERSON,SEXE_PERSON,DNAISS_PERSON,DEMB_PERSON,NRUE_PERSON,CP_PERSON,VILLE_PERSON,TEL_PERSON,CUMUL_HRVOL_PERSON,SALAIRE_PERSON,LICENCE_PILOTE,TYPE_PERSONNEL) 
VALUES ('SCHMITZ','Clarisse','F',TO_DATE('25/12/1988','DD/MM/YYYY'),TO_DATE('24/04/2014','DD/MM/YYYY'),9,'69001','LYON','063127425','0',7000.00,'97846315','P');

INSERT INTO PERSONNEL (NOM_PERSON,PRE_PERSON,SEXE_PERSON,DNAISS_PERSON,DEMB_PERSON,NRUE_PERSON,CP_PERSON,VILLE_PERSON,TEL_PERSON,CUMUL_HRVOL_PERSON,SALAIRE_PERSON,DIPLOME_STEWARD,TYPE_PERSONNEL) 
VALUES ('MONTREAUX','Lucas','H',TO_DATE('13/03/1987','DD/MM/YYYY'),TO_DATE('23/02/2012','DD/MM/YYYY'),523,'2000','BESANCON','063652292',0,3000.00,'3216548','S');

INSERT INTO PERSONNEL (NOM_PERSON,PRE_PERSON,SEXE_PERSON,DNAISS_PERSON,DEMB_PERSON,NRUE_PERSON,CP_PERSON,VILLE_PERSON,TEL_PERSON,CUMUL_HRVOL_PERSON,SALAIRE_PERSON,DIPLOME_STEWARD,TYPE_PERSONNEL) 
VALUES ('MORGAN','Alex','F',TO_DATE('09/08/1993','DD/MM/YYYY'),TO_DATE('10/03/2012','DD/MM/YYYY'),98,'90000','BELFORT','063998892',0,4000.00,'12896784','S');

INSERT INTO PERSONNEL (NOM_PERSON,PRE_PERSON,SEXE_PERSON,DNAISS_PERSON,DEMB_PERSON,NRUE_PERSON,CP_PERSON,VILLE_PERSON,TEL_PERSON,CUMUL_HRVOL_PERSON,SALAIRE_PERSON,LICENCE_PILOTE,TYPE_PERSONNEL) 
VALUES ('SWAG','Mehdi','H',TO_DATE('17/10/1989','DD/MM/YYYY'),TO_DATE('08/10/2013','DD/MM/YYYY'),2,'7001','PARIS','063127415',0,8000.00,'97877715','P');

INSERT INTO PERSONNEL (NOM_PERSON,PRE_PERSON,SEXE_PERSON,DNAISS_PERSON,DEMB_PERSON,NRUE_PERSON,CP_PERSON,VILLE_PERSON,TEL_PERSON,CUMUL_HRVOL_PERSON,SALAIRE_PERSON,DIPLOME_STEWARD,TYPE_PERSONNEL) 
VALUES ('RUZI','Raphael','H',TO_DATE('08/10/1996','DD/MM/YYYY'),TO_DATE('01/09/2012','DD/MM/YYYY'),55,'2000','BESANCON','063652292',0,3500.00,'984754','S');

INSERT INTO PERSONNEL (NOM_PERSON,PRE_PERSON,SEXE_PERSON,DNAISS_PERSON,DEMB_PERSON,NRUE_PERSON,CP_PERSON,VILLE_PERSON,TEL_PERSON,CUMUL_HRVOL_PERSON,SALAIRE_PERSON,DIPLOME_STEWARD,TYPE_PERSONNEL) 
VALUES ('PARAUX','Melanie','F',TO_DATE('14/09/1994','DD/MM/YYYY'),TO_DATE('01/06/2012','DD/MM/YYYY'),666,'90000','BELFORT','067829352',0,2000.00,'1452847','S');

COMMIT;


-- VOL COMMERCIAL
INSERT INTO VOL_COMMERCIAL (NUM_VOLCOM,CP_VILLEDEP,VILLEDEP_VOLCOM,CP_VILLEARR,VILLEARR_VOLCOM,HRDEP_VOLCOM,HRARR_VOLCOM,J1,J2,J3,J4,J5,J6,J7)
VALUES (9100,'75000','Paris','4000','Bâle',TO_DATE('01/01/1970 10:00:00','DD/MM/YYYY HH24:MI:SS'),TO_DATE('01/01/1970 11:00:00','DD/MM/YYYY HH24:MI:SS'),0,0,1,0,0,1,0);

INSERT INTO VOL_COMMERCIAL (NUM_VOLCOM,CP_VILLEDEP,VILLEDEP_VOLCOM,CP_VILLEARR,VILLEARR_VOLCOM,HRDEP_VOLCOM,HRARR_VOLCOM,J1,J2,J3,J4,J5,J6,J7)
VALUES (9110,'4000','Bâle','75000','Paris',TO_DATE('01/01/1970 16:00:00','DD/MM/YYYY HH24:MI:SS'),TO_DATE('01/01/1970 17:00:00','DD/MM/YYYY HH24:MI:SS'),0,0,1,0,0,1,0);

INSERT INTO VOL_COMMERCIAL (NUM_VOLCOM,CP_VILLEDEP,VILLEDEP_VOLCOM,CP_VILLEARR,VILLEARR_VOLCOM,HRDEP_VOLCOM,HRARR_VOLCOM,J1,J2,J3,J4,J5,J6,J7)
VALUES (9200,'33000','Bordeaux','79098','Fribourg-en-Brisgau',TO_DATE('01/01/1970 07:00:00','DD/MM/YYYY HH24:MI:SS'),TO_DATE('01/01/1970 09:30:00','DD/MM/YYYY HH24:MI:SS'),0,1,0,0,1,0,0);

INSERT INTO VOL_COMMERCIAL (NUM_VOLCOM,CP_VILLEDEP,VILLEDEP_VOLCOM,CP_VILLEARR,VILLEARR_VOLCOM,HRDEP_VOLCOM,HRARR_VOLCOM,J1,J2,J3,J4,J5,J6,J7)
VALUES (9210,'79098','Fribourg-en-Brisgau','33000','Bordeaux',TO_DATE('01/01/1970 13:30:00','DD/MM/YYYY HH24:MI:SS'),TO_DATE('01/01/1970 16:00:00','DD/MM/YYYY HH24:MI:SS'),0,1,0,0,1,0,0);

INSERT INTO VOL_COMMERCIAL (NUM_VOLCOM,CP_VILLEDEP,VILLEDEP_VOLCOM,CP_VILLEARR,VILLEARR_VOLCOM,HRDEP_VOLCOM,HRARR_VOLCOM,J1,J2,J3,J4,J5,J6,J7)
VALUES (9300,'94390','Orly','13000','Marseille',TO_DATE('01/01/1970 17:00:00','DD/MM/YYYY HH24:MI:SS'),TO_DATE('01/01/1970 19:00:00','DD/MM/YYYY HH24:MI:SS'),1,0,0,1,0,1,0);

INSERT INTO VOL_COMMERCIAL (NUM_VOLCOM,CP_VILLEDEP,VILLEDEP_VOLCOM,CP_VILLEARR,VILLEARR_VOLCOM,HRDEP_VOLCOM,HRARR_VOLCOM,J1,J2,J3,J4,J5,J6,J7)
VALUES (9310,'13000','Marseille','94390','Orly',TO_DATE('01/01/1970 14:00:00','DD/MM/YYYY HH24:MI:SS'),TO_DATE('01/01/1970 16:00:00','DD/MM/YYYY HH24:MI:SS'),1,0,0,1,0,1,0);

INSERT INTO VOL_COMMERCIAL (NUM_VOLCOM,CP_VILLEDEP,VILLEDEP_VOLCOM,CP_VILLEARR,VILLEARR_VOLCOM,HRDEP_VOLCOM,HRARR_VOLCOM,J1,J2,J3,J4,J5,J6,J7)
VALUES (9400,'13727','Marignane','68000','Mulhouse',TO_DATE('01/01/1970 09:30:00','DD/MM/YYYY HH24:MI:SS'),TO_DATE('01/01/1970 11:00:00','DD/MM/YYYY HH24:MI:SS'),0,0,0,1,0,1,0);

INSERT INTO VOL_COMMERCIAL (NUM_VOLCOM,CP_VILLEDEP,VILLEDEP_VOLCOM,CP_VILLEARR,VILLEARR_VOLCOM,HRDEP_VOLCOM,HRARR_VOLCOM,J1,J2,J3,J4,J5,J6,J7)
VALUES (9410,'68000','Mulhouse','13727','Marignane',TO_DATE('01/01/1970 19:30:00','DD/MM/YYYY HH24:MI:SS'),TO_DATE('01/01/1970 21:00:00','DD/MM/YYYY HH24:MI:SS'),0,0,0,1,0,1,0);

INSERT INTO VOL_COMMERCIAL (NUM_VOLCOM,CP_VILLEDEP,VILLEDEP_VOLCOM,CP_VILLEARR,VILLEARR_VOLCOM,HRDEP_VOLCOM,HRARR_VOLCOM,J1,J2,J3,J4,J5,J6,J7)
VALUES (9500,'79098','Fribourg-en-Brisgau','4000','Bâle',TO_DATE('01/01/1970 08:00:00','DD/MM/YYYY HH24:MI:SS'),TO_DATE('01/01/1970 08:30:00','DD/MM/YYYY HH24:MI:SS'),1,0,1,0,0,0,0);

INSERT INTO VOL_COMMERCIAL (NUM_VOLCOM,CP_VILLEDEP,VILLEDEP_VOLCOM,CP_VILLEARR,VILLEARR_VOLCOM,HRDEP_VOLCOM,HRARR_VOLCOM,J1,J2,J3,J4,J5,J6,J7)
VALUES (9510,'4000','Bâle','79098','Fribourg-en-Brisgau',TO_DATE('01/01/1970 15:30:00','DD/MM/YYYY HH24:MI:SS'),TO_DATE('01/01/1970 16:00:00','DD/MM/YYYY HH24:MI:SS'),1,0,1,0,0,0,0);

INSERT INTO VOL_COMMERCIAL (NUM_VOLCOM,CP_VILLEDEP,VILLEDEP_VOLCOM,CP_VILLEARR,VILLEARR_VOLCOM,HRDEP_VOLCOM,HRARR_VOLCOM,J1,J2,J3,J4,J5,J6,J7)
VALUES (9600,'33700','Mérignac','4000','Bâle',TO_DATE('01/01/1970 11:00:00','DD/MM/YYYY HH24:MI:SS'),TO_DATE('01/01/1970 13:00:00','DD/MM/YYYY HH24:MI:SS'),1,0,1,0,1,0,1);

INSERT INTO VOL_COMMERCIAL (NUM_VOLCOM,CP_VILLEDEP,VILLEDEP_VOLCOM,CP_VILLEARR,VILLEARR_VOLCOM,HRDEP_VOLCOM,HRARR_VOLCOM,J1,J2,J3,J4,J5,J6,J7)
VALUES (9610,'4000','Bâle','33700','Mérignac',TO_DATE('01/01/1970 18:00:00','DD/MM/YYYY HH24:MI:SS'),TO_DATE('01/01/1970 20:00:00','DD/MM/YYYY HH24:MI:SS'),1,0,1,0,1,0,1);


COMMIT;


--vol reel

INSERT INTO VOL_REEL ( NUM_VOLCOM, NUM_AVION, DHDEP_VOLREEL, DHARR_VOLREEL, PRIX_VOL, RETARD_VOLREEL, NB_REST_VOLREEL, VILLEDEP_VOLCOM, VILLEARR_VOLCOM, DDEP_ESCALE, DARR_ESCALE, VILLE_ESCALE, CODE_AERO_DEP, NOM_AERO_DEP, CODE_AERO_ARR, NOM_AERO_ARR, NUM_TERMINAL_DEP, NOM_TERMINAL_DEP, NUM_TERMINAL_ARR, NOM_TERMINAL_ARR, NB_PREVU_PASSG, NB_REEL_PASSG, NOM_AVION, CAPAC_AVION) 
VALUES(9100,4,TO_DATE('30/05/2018 10:00:00','DD/MM/YYYY HH24:MI:SS'),TO_DATE('30/05/2018 11:00:00','DD/MM/YYYY HH24:MI:SS'),150,0,250,'Paris','Bâle',NULL,NULL,NULL,110000,'Orly',120000,'Bâle-Mulhouse-Fribourg',1,'Terminal blanc',2,'Terminal France',240,0,'Boeing 747',250);

INSERT INTO VOL_REEL ( NUM_VOLCOM, NUM_AVION, DHDEP_VOLREEL, DHARR_VOLREEL, PRIX_VOL, RETARD_VOLREEL, NB_REST_VOLREEL, VILLEDEP_VOLCOM, VILLEARR_VOLCOM, DDEP_ESCALE, DARR_ESCALE, VILLE_ESCALE, CODE_AERO_DEP, NOM_AERO_DEP, CODE_AERO_ARR, NOM_AERO_ARR, NUM_TERMINAL_DEP, NOM_TERMINAL_DEP, NUM_TERMINAL_ARR, NOM_TERMINAL_ARR, NB_PREVU_PASSG, NB_REEL_PASSG, NOM_AVION, CAPAC_AVION) 
VALUES(9100,4,TO_DATE('02/06/2018 10:00:00','DD/MM/YYYY HH24:MI:SS'),TO_DATE('02/06/2018 11:00:00','DD/MM/YYYY HH24:MI:SS'),170,0,250,'Paris','Bâle',NULL,NULL,NULL,110000,'Orly',120000,'Bâle-Mulhouse-Fribourg',1,'Terminal blanc',2,'Terminal France',240,0,'Boeing 747',250);

INSERT INTO VOL_REEL ( NUM_VOLCOM, NUM_AVION, DHDEP_VOLREEL, DHARR_VOLREEL, PRIX_VOL, RETARD_VOLREEL, NB_REST_VOLREEL, VILLEDEP_VOLCOM, VILLEARR_VOLCOM, DDEP_ESCALE, DARR_ESCALE, VILLE_ESCALE, CODE_AERO_DEP, NOM_AERO_DEP, CODE_AERO_ARR, NOM_AERO_ARR, NUM_TERMINAL_DEP, NOM_TERMINAL_DEP, NUM_TERMINAL_ARR, NOM_TERMINAL_ARR, NB_PREVU_PASSG, NB_REEL_PASSG, NOM_AVION, CAPAC_AVION) 
VALUES(9110,4,TO_DATE('30/05/2018 16:00:00','DD/MM/YYYY HH24:MI:SS'),TO_DATE('30/05/2018 17:00:00','DD/MM/YYYY HH24:MI:SS'),160,0,250,'Bâle','Paris',NULL,NULL,NULL,120000,'Bâle-Mulhouse-Fribourg',110000,'Orly',2,'Terminal France',1,'Terminal blanc',240,0,'Boeing 747',250);

INSERT INTO VOL_REEL ( NUM_VOLCOM, NUM_AVION, DHDEP_VOLREEL, DHARR_VOLREEL, PRIX_VOL, RETARD_VOLREEL, NB_REST_VOLREEL, VILLEDEP_VOLCOM, VILLEARR_VOLCOM, DDEP_ESCALE, DARR_ESCALE, VILLE_ESCALE, CODE_AERO_DEP, NOM_AERO_DEP, CODE_AERO_ARR, NOM_AERO_ARR, NUM_TERMINAL_DEP, NOM_TERMINAL_DEP, NUM_TERMINAL_ARR, NOM_TERMINAL_ARR, NB_PREVU_PASSG, NB_REEL_PASSG, NOM_AVION, CAPAC_AVION) 
VALUES(9110,4,TO_DATE('02/06/2018 16:00:00','DD/MM/YYYY HH24:MI:SS'),TO_DATE('02/06/2018 17:00:00','DD/MM/YYYY HH24:MI:SS'),160,0,250,'Bâle','Paris',NULL,NULL,NULL,120000,'Bâle-Mulhouse-Fribourg',110000,'Orly',2,'Terminal France',1,'Terminal blanc',240,0,'Boeing 747',250);

INSERT INTO VOL_REEL ( NUM_VOLCOM, NUM_AVION, DHDEP_VOLREEL, DHARR_VOLREEL, PRIX_VOL, RETARD_VOLREEL, NB_REST_VOLREEL, VILLEDEP_VOLCOM, VILLEARR_VOLCOM, DDEP_ESCALE, DARR_ESCALE, VILLE_ESCALE, CODE_AERO_DEP, NOM_AERO_DEP, CODE_AERO_ARR, NOM_AERO_ARR, NUM_TERMINAL_DEP, NOM_TERMINAL_DEP, NUM_TERMINAL_ARR, NOM_TERMINAL_ARR, NB_PREVU_PASSG, NB_REEL_PASSG, NOM_AVION, CAPAC_AVION) 
VALUES(9200,6,TO_DATE('29/05/2018 07:00:00','DD/MM/YYYY HH24:MI:SS'),TO_DATE('29/05/2018 09:30:00','DD/MM/YYYY HH24:MI:SS'),200,0,410,'Bordeaux','Fribourg-en-Brisgau',NULL,NULL,NULL,140000,'Bordeaux-Mérignac',120000,'Bâle-Mulhouse-Fribourg',1,'Terminal X',2,'Terminal France',400,0,'Boeing 747',410);

INSERT INTO VOL_REEL ( NUM_VOLCOM, NUM_AVION, DHDEP_VOLREEL, DHARR_VOLREEL, PRIX_VOL, RETARD_VOLREEL, NB_REST_VOLREEL, VILLEDEP_VOLCOM, VILLEARR_VOLCOM, DDEP_ESCALE, DARR_ESCALE, VILLE_ESCALE, CODE_AERO_DEP, NOM_AERO_DEP, CODE_AERO_ARR, NOM_AERO_ARR, NUM_TERMINAL_DEP, NOM_TERMINAL_DEP, NUM_TERMINAL_ARR, NOM_TERMINAL_ARR, NB_PREVU_PASSG, NB_REEL_PASSG, NOM_AVION, CAPAC_AVION) 
VALUES(9200,6,TO_DATE('01/06/2018 07:00:00','DD/MM/YYYY HH24:MI:SS'),TO_DATE('01/06/2018 09:30:00','DD/MM/YYYY HH24:MI:SS'),250,0,410,'Bordeaux','Fribourg-en-Brisgau',NULL,NULL,NULL,140000,'Bordeaux-Mérignac',120000,'Bâle-Mulhouse-Fribourg',1,'Terminal X',2,'Terminal France',400,0,'Boeing 747',410);

INSERT INTO VOL_REEL ( NUM_VOLCOM, NUM_AVION, DHDEP_VOLREEL, DHARR_VOLREEL, PRIX_VOL, RETARD_VOLREEL, NB_REST_VOLREEL, VILLEDEP_VOLCOM, VILLEARR_VOLCOM, DDEP_ESCALE, DARR_ESCALE, VILLE_ESCALE, CODE_AERO_DEP, NOM_AERO_DEP, CODE_AERO_ARR, NOM_AERO_ARR, NUM_TERMINAL_DEP, NOM_TERMINAL_DEP, NUM_TERMINAL_ARR, NOM_TERMINAL_ARR, NB_PREVU_PASSG, NB_REEL_PASSG, NOM_AVION, CAPAC_AVION) 
VALUES(9210,6,TO_DATE('29/05/2018 13:30:00','DD/MM/YYYY HH24:MI:SS'),TO_DATE('29/05/2018 16:00:00','DD/MM/YYYY HH24:MI:SS'),180,0,410,'Fribourg-en-Brisgau','Bordeaux',NULL,NULL,NULL,120000,'Bâle-Mulhouse-Fribourg',140000,'Bordeaux-Mérignac',2,'Terminal France',1,'Terminal X',400,0,'Boeing 747',410);

INSERT INTO VOL_REEL ( NUM_VOLCOM, NUM_AVION, DHDEP_VOLREEL, DHARR_VOLREEL, PRIX_VOL, RETARD_VOLREEL, NB_REST_VOLREEL, VILLEDEP_VOLCOM, VILLEARR_VOLCOM, DDEP_ESCALE, DARR_ESCALE, VILLE_ESCALE, CODE_AERO_DEP, NOM_AERO_DEP, CODE_AERO_ARR, NOM_AERO_ARR, NUM_TERMINAL_DEP, NOM_TERMINAL_DEP, NUM_TERMINAL_ARR, NOM_TERMINAL_ARR, NB_PREVU_PASSG, NB_REEL_PASSG, NOM_AVION, CAPAC_AVION) 
VALUES(9210,6,TO_DATE('01/06/2018 13:30:00','DD/MM/YYYY HH24:MI:SS'),TO_DATE('01/06/2018 16:00:00','DD/MM/YYYY HH24:MI:SS'),200,0,410,'Fribourg-en-Brisgau','Bordeaux',NULL,NULL,NULL,120000,'Bâle-Mulhouse-Fribourg',140000,'Bordeaux-Mérignac',2,'Terminal France',1,'Terminal X',400,0,'Boeing 747',410);

INSERT INTO VOL_REEL ( NUM_VOLCOM, NUM_AVION, DHDEP_VOLREEL, DHARR_VOLREEL, PRIX_VOL, RETARD_VOLREEL, NB_REST_VOLREEL, VILLEDEP_VOLCOM, VILLEARR_VOLCOM, DDEP_ESCALE, DARR_ESCALE, VILLE_ESCALE, CODE_AERO_DEP, NOM_AERO_DEP, CODE_AERO_ARR, NOM_AERO_ARR, NUM_TERMINAL_DEP, NOM_TERMINAL_DEP, NUM_TERMINAL_ARR, NOM_TERMINAL_ARR, NB_PREVU_PASSG, NB_REEL_PASSG, NOM_AVION, CAPAC_AVION) 
VALUES(9300,1,TO_DATE('28/05/2018 17:00:00','DD/MM/YYYY HH24:MI:SS'),TO_DATE('28/05/2018 19:00:00','DD/MM/YYYY HH24:MI:SS'),160,0,420,'Paris','Marseille',NULL,NULL,NULL,100000,'Roissy CDG',130000,'Marseille-Provence',3,'Terminal bleu',2,'Terminal B',400,0,'Boeing 747',420);

INSERT INTO VOL_REEL ( NUM_VOLCOM, NUM_AVION, DHDEP_VOLREEL, DHARR_VOLREEL, PRIX_VOL, RETARD_VOLREEL, NB_REST_VOLREEL, VILLEDEP_VOLCOM, VILLEARR_VOLCOM, DDEP_ESCALE, DARR_ESCALE, VILLE_ESCALE, CODE_AERO_DEP, NOM_AERO_DEP, CODE_AERO_ARR, NOM_AERO_ARR, NUM_TERMINAL_DEP, NOM_TERMINAL_DEP, NUM_TERMINAL_ARR, NOM_TERMINAL_ARR, NB_PREVU_PASSG, NB_REEL_PASSG, NOM_AVION, CAPAC_AVION) 
VALUES(9300,1,TO_DATE('31/05/2018 17:00:00','DD/MM/YYYY HH24:MI:SS'),TO_DATE('31/05/2018 19:00:00','DD/MM/YYYY HH24:MI:SS'),150,0,420,'Paris','Marseille',NULL,NULL,NULL,100000,'Roissy CDG',130000,'Marseille-Provence',3,'Terminal bleu',2,'Terminal B',400,0,'Boeing 747',420);

INSERT INTO VOL_REEL ( NUM_VOLCOM, NUM_AVION, DHDEP_VOLREEL, DHARR_VOLREEL, PRIX_VOL, RETARD_VOLREEL, NB_REST_VOLREEL, VILLEDEP_VOLCOM, VILLEARR_VOLCOM, DDEP_ESCALE, DARR_ESCALE, VILLE_ESCALE, CODE_AERO_DEP, NOM_AERO_DEP, CODE_AERO_ARR, NOM_AERO_ARR, NUM_TERMINAL_DEP, NOM_TERMINAL_DEP, NUM_TERMINAL_ARR, NOM_TERMINAL_ARR, NB_PREVU_PASSG, NB_REEL_PASSG, NOM_AVION, CAPAC_AVION) 
VALUES(9300,1,TO_DATE('02/06/2018 17:00:00','DD/MM/YYYY HH24:MI:SS'),TO_DATE('02/06/2018 19:00:00','DD/MM/YYYY HH24:MI:SS'),200,0,420,'Paris','Marseille',NULL,NULL,NULL,100000,'Roissy CDG',130000,'Marseille-Provence',3,'Terminal bleu',2,'Terminal B',400,0,'Boeing 747',420);

INSERT INTO VOL_REEL ( NUM_VOLCOM, NUM_AVION, DHDEP_VOLREEL, DHARR_VOLREEL, PRIX_VOL, RETARD_VOLREEL, NB_REST_VOLREEL, VILLEDEP_VOLCOM, VILLEARR_VOLCOM, DDEP_ESCALE, DARR_ESCALE, VILLE_ESCALE, CODE_AERO_DEP, NOM_AERO_DEP, CODE_AERO_ARR, NOM_AERO_ARR, NUM_TERMINAL_DEP, NOM_TERMINAL_DEP, NUM_TERMINAL_ARR, NOM_TERMINAL_ARR, NB_PREVU_PASSG, NB_REEL_PASSG, NOM_AVION, CAPAC_AVION) 
VALUES(9310,1,TO_DATE('28/05/2018 14:00:00','DD/MM/YYYY HH24:MI:SS'),TO_DATE('28/05/2018 16:00:00','DD/MM/YYYY HH24:MI:SS'),130,0,420,'Marseille','Paris',NULL,NULL,NULL,130000,'Marseille-Provence',100000,'Roissy CDG',2,'Terminal B',3,'Terminal bleu',400,0,'Boeing 747',420);

INSERT INTO VOL_REEL ( NUM_VOLCOM, NUM_AVION, DHDEP_VOLREEL, DHARR_VOLREEL, PRIX_VOL, RETARD_VOLREEL, NB_REST_VOLREEL, VILLEDEP_VOLCOM, VILLEARR_VOLCOM, DDEP_ESCALE, DARR_ESCALE, VILLE_ESCALE, CODE_AERO_DEP, NOM_AERO_DEP, CODE_AERO_ARR, NOM_AERO_ARR, NUM_TERMINAL_DEP, NOM_TERMINAL_DEP, NUM_TERMINAL_ARR, NOM_TERMINAL_ARR, NB_PREVU_PASSG, NB_REEL_PASSG, NOM_AVION, CAPAC_AVION) 
VALUES(9310,1,TO_DATE('31/05/2018 14:00:00','DD/MM/YYYY HH24:MI:SS'),TO_DATE('31/05/2018 16:00:00','DD/MM/YYYY HH24:MI:SS'),120,0,420,'Marseille','Paris',NULL,NULL,NULL,130000,'Marseille-Provence',100000,'Roissy CDG',2,'Terminal B',3,'Terminal bleu',400,0,'Boeing 747',420);

INSERT INTO VOL_REEL ( NUM_VOLCOM, NUM_AVION, DHDEP_VOLREEL, DHARR_VOLREEL, PRIX_VOL, RETARD_VOLREEL, NB_REST_VOLREEL, VILLEDEP_VOLCOM, VILLEARR_VOLCOM, DDEP_ESCALE, DARR_ESCALE, VILLE_ESCALE, CODE_AERO_DEP, NOM_AERO_DEP, CODE_AERO_ARR, NOM_AERO_ARR, NUM_TERMINAL_DEP, NOM_TERMINAL_DEP, NUM_TERMINAL_ARR, NOM_TERMINAL_ARR, NB_PREVU_PASSG, NB_REEL_PASSG, NOM_AVION, CAPAC_AVION) 
VALUES(9310,1,TO_DATE('02/06/2018 14:00:00','DD/MM/YYYY HH24:MI:SS'),TO_DATE('02/06/2018 16:00:00','DD/MM/YYYY HH24:MI:SS'),190,0,420,'Marseille','Paris',NULL,NULL,NULL,130000,'Marseille-Provence',100000,'Roissy CDG',2,'Terminal B',3,'Terminal bleu',400,0,'Boeing 747',420);

INSERT INTO VOL_REEL ( NUM_VOLCOM, NUM_AVION, DHDEP_VOLREEL, DHARR_VOLREEL, PRIX_VOL, RETARD_VOLREEL, NB_REST_VOLREEL, VILLEDEP_VOLCOM, VILLEARR_VOLCOM, DDEP_ESCALE, DARR_ESCALE, VILLE_ESCALE, CODE_AERO_DEP, NOM_AERO_DEP, CODE_AERO_ARR, NOM_AERO_ARR, NUM_TERMINAL_DEP, NOM_TERMINAL_DEP, NUM_TERMINAL_ARR, NOM_TERMINAL_ARR, NB_PREVU_PASSG, NB_REEL_PASSG, NOM_AVION, CAPAC_AVION) 
VALUES(9400,5,TO_DATE('31/05/2018 09:30:00','DD/MM/YYYY HH24:MI:SS'),TO_DATE('31/05/2018 11:00:00','DD/MM/YYYY HH24:MI:SS'),150,0,120,'Marignane','Mulhouse',NULL,NULL,NULL,130000,'Marseille-Provence',120000,'Bâle-Mulhouse-Fribourg',1,'Terminal A',2,'Terminal France',110,0,'DC 10',120);

INSERT INTO VOL_REEL ( NUM_VOLCOM, NUM_AVION, DHDEP_VOLREEL, DHARR_VOLREEL, PRIX_VOL, RETARD_VOLREEL, NB_REST_VOLREEL, VILLEDEP_VOLCOM, VILLEARR_VOLCOM, DDEP_ESCALE, DARR_ESCALE, VILLE_ESCALE, CODE_AERO_DEP, NOM_AERO_DEP, CODE_AERO_ARR, NOM_AERO_ARR, NUM_TERMINAL_DEP, NOM_TERMINAL_DEP, NUM_TERMINAL_ARR, NOM_TERMINAL_ARR, NB_PREVU_PASSG, NB_REEL_PASSG, NOM_AVION, CAPAC_AVION) 
VALUES(9400,5,TO_DATE('02/06/2018 09:30:00','DD/MM/YYYY HH24:MI:SS'),TO_DATE('02/06/2018 11:00:00','DD/MM/YYYY HH24:MI:SS'),170,0,120,'Marignane','Mulhouse',NULL,NULL,NULL,130000,'Marseille-Provence',120000,'Bâle-Mulhouse-Fribourg',1,'Terminal A',2,'Terminal France',110,0,'DC 10',120);

INSERT INTO VOL_REEL ( NUM_VOLCOM, NUM_AVION, DHDEP_VOLREEL, DHARR_VOLREEL, PRIX_VOL, RETARD_VOLREEL, NB_REST_VOLREEL, VILLEDEP_VOLCOM, VILLEARR_VOLCOM, DDEP_ESCALE, DARR_ESCALE, VILLE_ESCALE, CODE_AERO_DEP, NOM_AERO_DEP, CODE_AERO_ARR, NOM_AERO_ARR, NUM_TERMINAL_DEP, NOM_TERMINAL_DEP, NUM_TERMINAL_ARR, NOM_TERMINAL_ARR, NB_PREVU_PASSG, NB_REEL_PASSG, NOM_AVION, CAPAC_AVION) 
VALUES(9410,5,TO_DATE('31/05/2018 19:30:00','DD/MM/YYYY HH24:MI:SS'),TO_DATE('31/05/2018 21:00:00','DD/MM/YYYY HH24:MI:SS'),120,0,120,'Mulhouse','Marignane',NULL,NULL,NULL,120000,'Bâle-Mulhouse-Fribourg',130000,'Marseille-Provence',2,'Terminal France',1,'Terminal A',110,0,'DC 10',120);

INSERT INTO VOL_REEL ( NUM_VOLCOM, NUM_AVION, DHDEP_VOLREEL, DHARR_VOLREEL, PRIX_VOL, RETARD_VOLREEL, NB_REST_VOLREEL, VILLEDEP_VOLCOM, VILLEARR_VOLCOM, DDEP_ESCALE, DARR_ESCALE, VILLE_ESCALE, CODE_AERO_DEP, NOM_AERO_DEP, CODE_AERO_ARR, NOM_AERO_ARR, NUM_TERMINAL_DEP, NOM_TERMINAL_DEP, NUM_TERMINAL_ARR, NOM_TERMINAL_ARR, NB_PREVU_PASSG, NB_REEL_PASSG, NOM_AVION, CAPAC_AVION) 
VALUES(9410,5,TO_DATE('02/06/2018 19:30:00','DD/MM/YYYY HH24:MI:SS'),TO_DATE('02/06/2018 21:00:00','DD/MM/YYYY HH24:MI:SS'),150,0,120,'Mulhouse','Marignane',NULL,NULL,NULL,120000,'Bâle-Mulhouse-Fribourg',130000,'Marseille-Provence',2,'Terminal France',1,'Terminal A',110,0,'DC 10',120);

COMMIT;

INSERT INTO perso_vol values (6,9100,1);
INSERT INTO perso_vol values (4,9100,1);
INSERT INTO perso_vol values (6,9100,2);
INSERT INTO perso_vol values (4,9100,2);
INSERT INTO perso_vol values (2,9110,3);
INSERT INTO perso_vol values (3,9110,3);
INSERT INTO perso_vol values (5,9200,5);
INSERT INTO perso_vol values (6,9200,5);
INSERT INTO perso_vol values (1,9310,12);
INSERT INTO perso_vol values (6,9310,12);
INSERT INTO perso_vol values (7,9210,8);
INSERT INTO perso_vol values (3,9210,8);

commit;

-- UTILISATEUR
INSERT INTO UTILISATEUR (NUM_CATEG,NOM_USER,PRE_USER,DNAISS_USER,NRUE_USER,CP_USER,VILLE_USER,PAYS_USER,TEL_USER,ADMEL_USER,NATIO_PASG,NUMPASS_PASG,TYPE_USER) VALUES (1,'IDMOUSSI','Mohammed',TO_DATE('01/01/1994','DD/MM/YYYY'),'8','90000','BELFORT','FRANCE','0634129548','somemail@gmail.com','FRANCAISE','IA194734','C');
INSERT INTO UTILISATEUR (NUM_CATEG,NOM_USER,PRE_USER,DNAISS_USER,NRUE_USER,CP_USER,VILLE_USER,PAYS_USER,TEL_USER,ADMEL_USER,NATIO_PASG,NUMPASS_PASG,TYPE_USER) VALUES (1,'DUPONT','Francois',TO_DATE('01/01/1998','DD/MM/YYYY'),'80','7000','PARIS','FRANCE','0634129548','dupont@gmail.com','FRANCAISE','IA194430','C');
INSERT INTO UTILISATEUR (NUM_CATEG,NOM_USER,PRE_USER,DNAISS_USER,NRUE_USER,CP_USER,VILLE_USER,PAYS_USER,TEL_USER,ADMEL_USER,NATIO_PASG,NUMPASS_PASG,TYPE_USER) VALUES (1,'GRATOS','Luic',TO_DATE( '01/01/1998','DD/MM/YYYY'),'121','90000','BELFORT','FRANCE','0634129548','gratos@gmail.com','FRANCAISE','IA194782','C');
INSERT INTO UTILISATEUR (NUM_CATEG,NOM_USER,PRE_USER,DNAISS_USER,NRUE_USER,CP_USER,VILLE_USER,PAYS_USER,TEL_USER,ADMEL_USER,NATIO_PASG,NUMPASS_PASG,TYPE_USER) VALUES (1,'XOXO','Vincent',TO_DATE('01/01/1994','DD/MM/YYYY'),'362','7000','PARIS','FRANCE','0634129548','xoxo@gmail.com','FRANCAISE','IA194322','C');
INSERT INTO UTILISATEUR (NUM_CATEG,NOM_USER,PRE_USER,DNAISS_USER,NRUE_USER,CP_USER,VILLE_USER,PAYS_USER,TEL_USER,ADMEL_USER,NATIO_PASG,NUMPASS_PASG,TYPE_USER) VALUES (2,'SEFIANI','Yassine',TO_DATE('01/01/2009','DD/MM/YYYY'),'15','5241','KENITRA','MAROC','+212634129548','sefiani@gmail.com','MAROCAINE','MA194754','C');
INSERT INTO UTILISATEUR (NUM_CATEG,NOM_USER,PRE_USER,DNAISS_USER,NRUE_USER,CP_USER,VILLE_USER,PAYS_USER,TEL_USER,ADMEL_USER,NATIO_PASG,NUMPASS_PASG,TYPE_USER) VALUES (1,'KARKOBI','Zak',TO_DATE('01/01/1988','DD/MM/YYYY'),'23','2000','BESANCON','FRANCE','0634129548','karkobi@gmail.com','FRANCAISE','IA194721','C');
INSERT INTO UTILISATEUR (NUM_CATEG,NOM_USER,PRE_USER,DNAISS_USER,NRUE_USER,CP_USER,VILLE_USER,PAYS_USER,TEL_USER,ADMEL_USER,NATIO_PASG,NUMPASS_PASG,TYPE_USER) VALUES (2,'CARTIER','Michelle',TO_DATE('01/01/2010','DD/MM/YYYY'),'94','69001','LYON','FRANCE','0634129548','cartier@gmail.com','FRANCAISE','IA192309','C');
INSERT INTO UTILISATEUR (NUM_CATEG,NOM_USER,PRE_USER,DNAISS_USER,NRUE_USER,CP_USER,VILLE_USER,PAYS_USER,TEL_USER,ADMEL_USER,NATIO_PASG,NUMPASS_PASG,TYPE_USER) VALUES (1,'SEMRASSI','Leila',TO_DATE('01/01/1996','DD/MM/YYYY'),'10','68000','MULHOUSE','FRANCE','0634129548','semrassi@gmail.com','FRANCAISE','IA194700','C');

COMMIT;


